{
  "generator-jhipster": {
    "applicationType": "monolith",
    "gitCompany": "",
    "baseName": "UniAgenda",
    "packageName": "com.utfpr.uniagenda",
    "packageFolder": "com/utfpr/uniagenda",
    "serverPort": 8080,
    "serviceDiscoveryType": false,
    "authenticationType": "session",
    "uaaBaseName": "../uaa",
    "cacheProvider": "ehcache",
    "enableHibernateCache": true,
    "websocket": "spring-websocket",
    "databaseType": "sql",
    "devDatabaseType": "h2Disk",
    "prodDatabaseType": "mysql",
    "searchEngine": "elasticsearch",
    "enableSwaggerCodegen": false,
    "messageBroker": false,
    "buildTool": "maven",
    "useSass": true,
    "clientPackageManager": "npm",
    "testFrameworks": [],
    "enableTranslation": true,
    "nativeLanguage": "pt-br",
    "languages": [
      "en",
      "pt-br"
    ],
    "clientFramework": "angularX",
    "jhiPrefix": "jhi",
    "jhipsterVersion": "6.3.1",
    "rememberMeKey": "82ca06520fb417a419881249e85993f59df95bf8f8c37ac326bd2ae76bfbe45ec6f414cbbf7232dd569d175591033979ec71",
    "embeddableLaunchScript": false,
    "clientTheme": "none",
    "entitySuffix": "",
    "dtoSuffix": "DTO",
    "otherModules": [],
    "blueprints": []
  },
  "git-provider": "GitHub",
  "git-company": "danielsilva83",
  "repository-name": "agenda-utfpr-uniagenda"
}