{
    "name": "AgendaAluno",
    "fields": [
        {
            "fieldName": "status",
            "fieldType": "StatusAgenda",
            "fieldValues": "Livre,Ocupado,Atendido,Remarcado,Faltou"
        },
        {
            "fieldName": "horario",
            "fieldType": "Horario",
            "fieldValues": "H8,H9,H10,H11,H12,H13,H14,H15,H16,H17,H18H,H19,H20,H21,H22"
        }
    ],
    "relationships": [
        {
            "relationshipType": "one-to-many",
            "otherEntityName": "diasAtendimento",
            "otherEntityRelationshipName": "agendaAluno",
            "relationshipName": "mes"
        },
        {
            "relationshipType": "one-to-many",
            "otherEntityName": "diasAtendimento",
            "otherEntityRelationshipName": "agendaAluno",
            "relationshipName": "diaMes"
        },
        {
            "relationshipType": "one-to-many",
            "otherEntityName": "diasAtendimento",
            "otherEntityRelationshipName": "agendaAluno",
            "relationshipName": "statusDia"
        },
        {
            "relationshipType": "one-to-many",
            "otherEntityName": "aluno",
            "otherEntityRelationshipName": "agendaAluno",
            "relationshipName": "raAluno"
        }
    ],
    "changelogDate": "20190924213543",
    "entityTableName": "agenda_aluno",
    "dto": "no",
    "pagination": "no",
    "service": "no",
    "jpaMetamodelFiltering": false,
    "fluentMethods": true,
    "clientRootFolder": "",
    "applications": "*"
}