{
    "name": "AgendaReservaSala",
    "fields": [
        {
            "fieldName": "status",
            "fieldType": "StatusAgenda",
            "fieldValues": "Livre,Ocupado,Atendido,Remarcado,Faltou"
        }
    ],
    "relationships": [
        {
            "relationshipType": "one-to-many",
            "otherEntityName": "agendaSala",
            "otherEntityRelationshipName": "agendaReservaSala",
            "relationshipName": "horario"
        },
        {
            "relationshipType": "one-to-many",
            "otherEntityName": "agendaSala",
            "otherEntityRelationshipName": "agendaReservaSala",
            "relationshipName": "mes"
        },
        {
            "relationshipType": "one-to-many",
            "otherEntityName": "agendaSala",
            "otherEntityRelationshipName": "agendaReservaSala",
            "relationshipName": "diaMes"
        },
        {
            "relationshipType": "one-to-many",
            "otherEntityName": "agendaSala",
            "otherEntityRelationshipName": "agendaReservaSala",
            "relationshipName": "status"
        },
        {
            "relationshipType": "one-to-many",
            "otherEntityName": "aluno",
            "otherEntityRelationshipName": "agendaReservaSala",
            "relationshipName": "raAluno"
        },
        {
            "relationshipType": "one-to-many",
            "otherEntityName": "agendaSala",
            "otherEntityRelationshipName": "agendaReservaSala",
            "relationshipName": "codigoSala"
        }
    ],
    "changelogDate": "20190924213545",
    "entityTableName": "agenda_reserva_sala",
    "dto": "no",
    "pagination": "no",
    "service": "no",
    "jpaMetamodelFiltering": false,
    "fluentMethods": true,
    "clientRootFolder": "",
    "applications": "*"
}