{
    "name": "AgendaSala",
    "fields": [
        {
            "fieldName": "status",
            "fieldType": "StatusAgenda",
            "fieldValues": "Livre,Ocupado,Atendido,Remarcado,Faltou"
        },
        {
            "fieldName": "horario",
            "fieldType": "Horario",
            "fieldValues": "H8,H9,H10,H11,H12,H13,H14,H15,H16,H17,H18H,H19,H20,H21,H22"
        }
    ],
    "relationships": [
        {
            "relationshipType": "one-to-many",
            "otherEntityName": "diasAtendimento",
            "otherEntityRelationshipName": "agendaSala",
            "relationshipName": "mes"
        },
        {
            "relationshipType": "one-to-many",
            "otherEntityName": "diasAtendimento",
            "otherEntityRelationshipName": "agendaSala",
            "relationshipName": "diaMes"
        },
        {
            "relationshipType": "one-to-many",
            "otherEntityName": "diasAtendimento",
            "otherEntityRelationshipName": "agendaSala",
            "relationshipName": "statusDia"
        },
        {
            "relationshipType": "one-to-many",
            "otherEntityName": "sala",
            "otherEntityRelationshipName": "agendaSala",
            "relationshipName": "codigoSala"
        },
        {
            "relationshipName": "agendaReservaSala",
            "otherEntityName": "agendaReservaSala",
            "relationshipType": "many-to-one",
            "otherEntityField": "id"
        },
        {
            "relationshipName": "agendaReservaSala",
            "otherEntityName": "agendaReservaSala",
            "relationshipType": "many-to-one",
            "otherEntityField": "id"
        },
        {
            "relationshipName": "agendaReservaSala",
            "otherEntityName": "agendaReservaSala",
            "relationshipType": "many-to-one",
            "otherEntityField": "id"
        },
        {
            "relationshipName": "agendaReservaSala",
            "otherEntityName": "agendaReservaSala",
            "relationshipType": "many-to-one",
            "otherEntityField": "id"
        },
        {
            "relationshipName": "agendaReservaSala",
            "otherEntityName": "agendaReservaSala",
            "relationshipType": "many-to-one",
            "otherEntityField": "id"
        }
    ],
    "changelogDate": "20190924213544",
    "entityTableName": "agenda_sala",
    "dto": "no",
    "pagination": "no",
    "service": "no",
    "jpaMetamodelFiltering": false,
    "fluentMethods": true,
    "clientRootFolder": "",
    "applications": "*"
}