{
    "name": "DiasAtendimento",
    "fields": [
        {
            "fieldName": "mes",
            "fieldType": "Mes",
            "fieldValues": "Janeiro,Fevereiro,Marco,Abril,Maio,Junho,Julho,Agosto,Setembro,Outubro,Novembro,Dezembro"
        },
        {
            "fieldName": "diaMes",
            "fieldType": "DiaMes",
            "fieldValues": "D1,D2,D3,D4,D5,D6,D7,D8,D9,D10,D11,D12,D13,D14,D15,D16,D17,D18,D19,D20,D21,D22,D23,D24,D25,D26,D27,D28,D29,D30,D31"
        },
        {
            "fieldName": "diaSemana",
            "fieldType": "DiaSemana",
            "fieldValues": "Segunda_feira,Terca_feira,Quarta_feira,Quinta_feira,Sexta_feira"
        },
        {
            "fieldName": "statusDia",
            "fieldType": "StatusDia",
            "fieldValues": "Disponivel,Indisponivel"
        }
    ],
    "relationships": [
        {
            "relationshipName": "agendaServidor",
            "otherEntityName": "agendaServidor",
            "relationshipType": "many-to-one",
            "otherEntityField": "id"
        },
        {
            "relationshipName": "agendaServidor",
            "otherEntityName": "agendaServidor",
            "relationshipType": "many-to-one",
            "otherEntityField": "id"
        },
        {
            "relationshipName": "agendaServidor",
            "otherEntityName": "agendaServidor",
            "relationshipType": "many-to-one",
            "otherEntityField": "id"
        },
        {
            "relationshipName": "agendaAluno",
            "otherEntityName": "agendaAluno",
            "relationshipType": "many-to-one",
            "otherEntityField": "id"
        },
        {
            "relationshipName": "agendaAluno",
            "otherEntityName": "agendaAluno",
            "relationshipType": "many-to-one",
            "otherEntityField": "id"
        },
        {
            "relationshipName": "agendaAluno",
            "otherEntityName": "agendaAluno",
            "relationshipType": "many-to-one",
            "otherEntityField": "id"
        },
        {
            "relationshipName": "agendaSala",
            "otherEntityName": "agendaSala",
            "relationshipType": "many-to-one",
            "otherEntityField": "id"
        },
        {
            "relationshipName": "agendaSala",
            "otherEntityName": "agendaSala",
            "relationshipType": "many-to-one",
            "otherEntityField": "id"
        },
        {
            "relationshipName": "agendaSala",
            "otherEntityName": "agendaSala",
            "relationshipType": "many-to-one",
            "otherEntityField": "id"
        },
        {
            "relationshipType": "one-to-many",
            "otherEntityName": "servidor",
            "otherEntityRelationshipName": "diasAtendimento",
            "relationshipName": "codSiape"
        }
    ],
    "changelogDate": "20190924213546",
    "entityTableName": "dias_atendimento",
    "dto": "no",
    "pagination": "no",
    "service": "no",
    "jpaMetamodelFiltering": false,
    "fluentMethods": true,
    "clientRootFolder": "",
    "applications": "*"
}