{
    "name": "Servidor",
    "fields": [
        {
            "fieldName": "codSiape",
            "fieldType": "Double"
        },
        {
            "fieldName": "nomeServidor",
            "fieldType": "String"
        }
    ],
    "relationships": [
        {
            "relationshipType": "one-to-many",
            "otherEntityName": "cargo",
            "otherEntityRelationshipName": "servidor",
            "relationshipName": "nomeCargo"
        },
        {
            "relationshipName": "agendaServidor",
            "otherEntityName": "agendaServidor",
            "relationshipType": "many-to-one",
            "otherEntityField": "id"
        },
        {
            "relationshipName": "diasAtendimento",
            "otherEntityName": "diasAtendimento",
            "relationshipType": "many-to-one",
            "otherEntityField": "id"
        }
    ],
    "changelogDate": "20190924213539",
    "entityTableName": "servidor",
    "dto": "no",
    "pagination": "no",
    "service": "no",
    "jpaMetamodelFiltering": false,
    "fluentMethods": true,
    "clientRootFolder": "",
    "applications": "*"
}