id;ra_aluno;nome_aluno;periodo;curso
1;70685;application quantify Unbranded Plastic Tuna;11586;Engenharia_Computacao
2;6355;moratorium moratorium;72960;Engenharia_Software
3;47221;Frozen bus;76078;Engenharia_Eletronica
4;52273;partnerships Grocery Intelligent;3142;Engenharia_Computacao
5;90756;Phased;41038;Engenharia_Mecanica
6;7697;neutral Salad;92969;Engenharia_Controle_Automacao
7;87146;digital maroon;89255;Engenharia_Eletrica
8;31800;Gorgeous Profit-focused synergies;81801;Engenharia_Controle_Automacao
9;51074;supply-chains magenta;11986;Analise_Desenvolvimento_Sistemas
10;94290;conglomeration;51879;Engenharia_Eletronica
