<?xml version="1.0" encoding="utf-8"?>
<databaseChangeLog
    xmlns="http://www.liquibase.org/xml/ns/dbchangelog"
    xmlns:xsi="http://www.w3.org/2001/XMLSchema-instance"
    xsi:schemaLocation="http://www.liquibase.org/xml/ns/dbchangelog http://www.liquibase.org/xml/ns/dbchangelog/dbchangelog-3.6.xsd">
    <!--
        Added the constraints for entity DiasAtendimento.
    -->
    <changeSet id="20190924213546-2" author="jhipster">
        
        <addForeignKeyConstraint baseColumnNames="agenda_servidor_id"
                                 baseTableName="dias_atendimento"
                                 constraintName="fk_dias_atendimento_agenda_servidor_id"
                                 referencedColumnNames="id"
                                 referencedTableName="agenda_servidor"/>

        <addForeignKeyConstraint baseColumnNames="agenda_servidor_id"
                                 baseTableName="dias_atendimento"
                                 constraintName="fk_dias_atendimento_agenda_servidor_id"
                                 referencedColumnNames="id"
                                 referencedTableName="agenda_servidor"/>

        <addForeignKeyConstraint baseColumnNames="agenda_servidor_id"
                                 baseTableName="dias_atendimento"
                                 constraintName="fk_dias_atendimento_agenda_servidor_id"
                                 referencedColumnNames="id"
                                 referencedTableName="agenda_servidor"/>

        <addForeignKeyConstraint baseColumnNames="agenda_aluno_id"
                                 baseTableName="dias_atendimento"
                                 constraintName="fk_dias_atendimento_agenda_aluno_id"
                                 referencedColumnNames="id"
                                 referencedTableName="agenda_aluno"/>

        <addForeignKeyConstraint baseColumnNames="agenda_aluno_id"
                                 baseTableName="dias_atendimento"
                                 constraintName="fk_dias_atendimento_agenda_aluno_id"
                                 referencedColumnNames="id"
                                 referencedTableName="agenda_aluno"/>

        <addForeignKeyConstraint baseColumnNames="agenda_aluno_id"
                                 baseTableName="dias_atendimento"
                                 constraintName="fk_dias_atendimento_agenda_aluno_id"
                                 referencedColumnNames="id"
                                 referencedTableName="agenda_aluno"/>

        <addForeignKeyConstraint baseColumnNames="agenda_sala_id"
                                 baseTableName="dias_atendimento"
                                 constraintName="fk_dias_atendimento_agenda_sala_id"
                                 referencedColumnNames="id"
                                 referencedTableName="agenda_sala"/>

        <addForeignKeyConstraint baseColumnNames="agenda_sala_id"
                                 baseTableName="dias_atendimento"
                                 constraintName="fk_dias_atendimento_agenda_sala_id"
                                 referencedColumnNames="id"
                                 referencedTableName="agenda_sala"/>

        <addForeignKeyConstraint baseColumnNames="agenda_sala_id"
                                 baseTableName="dias_atendimento"
                                 constraintName="fk_dias_atendimento_agenda_sala_id"
                                 referencedColumnNames="id"
                                 referencedTableName="agenda_sala"/>

    </changeSet>
</databaseChangeLog>
