<?xml version="1.0" encoding="utf-8"?>
<databaseChangeLog
    xmlns="http://www.liquibase.org/xml/ns/dbchangelog"
    xmlns:xsi="http://www.w3.org/2001/XMLSchema-instance"
    xsi:schemaLocation="http://www.liquibase.org/xml/ns/dbchangelog http://www.liquibase.org/xml/ns/dbchangelog/dbchangelog-3.6.xsd">

    <property name="now" value="now()" dbms="h2"/>
    <property name="now" value="now()" dbms="mysql"/>

    <property name="floatType" value="float4" dbms="postgresql, h2"/>
    <property name="floatType" value="float" dbms="mysql, oracle, mssql, mariadb"/>
    <property name="clobType" value="clob" dbms="h2"/>
    <property name="clobType" value="clob" dbms="mysql, oracle, mssql, mariadb, postgresql"/>
    <property name="uuidType" value="varchar(36)" dbms="h2, mysql, mariadb"/>

    <include file="config/liquibase/changelog/00000000000000_initial_schema.xml" relativeToChangelogFile="false"/>
    <include file="config/liquibase/changelog/20190924213537_added_entity_Cargo.xml" relativeToChangelogFile="false"/>
    <include file="config/liquibase/changelog/20190924213538_added_entity_Sala.xml" relativeToChangelogFile="false"/>
    <include file="config/liquibase/changelog/20190924213539_added_entity_Servidor.xml" relativeToChangelogFile="false"/>
    <include file="config/liquibase/changelog/20190924213540_added_entity_AgendaAtendimentoServidor.xml" relativeToChangelogFile="false"/>
    <include file="config/liquibase/changelog/20190924213541_added_entity_Aluno.xml" relativeToChangelogFile="false"/>
    <include file="config/liquibase/changelog/20190924213542_added_entity_AgendaServidor.xml" relativeToChangelogFile="false"/>
    <include file="config/liquibase/changelog/20190924213543_added_entity_AgendaAluno.xml" relativeToChangelogFile="false"/>
    <include file="config/liquibase/changelog/20190924213544_added_entity_AgendaSala.xml" relativeToChangelogFile="false"/>
    <include file="config/liquibase/changelog/20190924213545_added_entity_AgendaReservaSala.xml" relativeToChangelogFile="false"/>
    <include file="config/liquibase/changelog/20190924213546_added_entity_DiasAtendimento.xml" relativeToChangelogFile="false"/>
    <!-- jhipster-needle-liquibase-add-changelog - JHipster will add liquibase changelogs here -->
    <include file="config/liquibase/changelog/20190924213537_added_entity_constraints_Cargo.xml" relativeToChangelogFile="false"/>
    <include file="config/liquibase/changelog/20190924213538_added_entity_constraints_Sala.xml" relativeToChangelogFile="false"/>
    <include file="config/liquibase/changelog/20190924213539_added_entity_constraints_Servidor.xml" relativeToChangelogFile="false"/>
    <include file="config/liquibase/changelog/20190924213541_added_entity_constraints_Aluno.xml" relativeToChangelogFile="false"/>
    <include file="config/liquibase/changelog/20190924213542_added_entity_constraints_AgendaServidor.xml" relativeToChangelogFile="false"/>
    <include file="config/liquibase/changelog/20190924213544_added_entity_constraints_AgendaSala.xml" relativeToChangelogFile="false"/>
    <include file="config/liquibase/changelog/20190924213546_added_entity_constraints_DiasAtendimento.xml" relativeToChangelogFile="false"/>
    <!-- jhipster-needle-liquibase-add-constraints-changelog - JHipster will add liquibase constraints changelogs here -->
</databaseChangeLog>
