{
  "generator-jhipster": {
    "promptValues": {
      "packageName": "com.uniagenda.agenda"
    },
    "jhipsterVersion": "6.3.1",
    "applicationType": "monolith",
    "baseName": "agenda",
    "packageName": "com.uniagenda.agenda",
    "packageFolder": "com/uniagenda/agenda",
    "serverPort": "8080",
    "authenticationType": "jwt",
    "cacheProvider": "ehcache",
    "enableHibernateCache": true,
    "websocket": "spring-websocket",
    "databaseType": "sql",
    "devDatabaseType": "h2Disk",
    "prodDatabaseType": "mysql",
    "searchEngine": false,
    "messageBroker": false,
    "serviceDiscoveryType": false,
    "buildTool": "maven",
    "enableSwaggerCodegen": false,
    "jwtSecretKey": "MTdhOWFjMzg4MzdjMjU4YWQ1NTc0YzM3YjQ0MGUxMDcxYzViYmIyMWE2ZjcxMWFkNzU3NzlmODkzYjg4ODcxNWFjYTU5ZGMyMmM5NGU4ZTc1MzNhNzE5MjgyNDU3ODA5MWVhY2VlNjk4OWIwZmFjNzY2ZDFhOWY4MzIwMmVlMGI=",
    "embeddableLaunchScript": false,
    "testFrameworks": [],
    "jhiPrefix": "jhi",
    "entitySuffix": "",
    "dtoSuffix": "DTO",
    "otherModules": [],
    "enableTranslation": false,
    "clientPackageManager": "npm",
    "blueprints": [],
    "skipClient": true
  }
}